"June 15, 2009",https://www.federalreserve.gov/newsevents/speech/tarullo20090615a.htm
"January 8, 1998",https://www.federalreserve.gov/boarddocs/speeches/1998/19980108.htm
"April 17, 2008",https://www.federalreserve.gov/newsevents/speech/kohn20080417a.htm
"May 23, 2009",https://www.federalreserve.gov/newsevents/speech/kohn20090523a.htm
"November 12, 2002",https://www.federalreserve.gov/boarddocs/speeches/2002/20021112/default.htm
"March 25, 2004",https://www.federalreserve.gov/boarddocs/speeches/2004/20040325/default.htm
"November 15, 2005",https://www.federalreserve.gov/boarddocs/speeches/2005/20051115/default.htm
"April 8, 2010",https://www.federalreserve.gov/newsevents/speech/duke20100408a.htm
"June 6, 2000",https://www.federalreserve.gov/boarddocs/speeches/2000/20000606.htm
"March 31, 2005",https://www.federalreserve.gov/boarddocs/speeches/2005/20050331/default.htm
"November 14, 2007",https://www.federalreserve.gov/newsevents/speech/bernanke20071114a.htm
"September 1, 2010",https://www.federalreserve.gov/newsevents/speech/duke20100901a.htm
"October 14, 2008",https://www.federalreserve.gov/newsevents/speech/bernanke20081014a.htm
"November 30, 2006",https://www.federalreserve.gov/newsevents/speech/bies20061130a.htm
"October 24, 1996",https://www.federalreserve.gov/boarddocs/speeches/1996/19961024.htm
"April 3, 2003",https://www.federalreserve.gov/boarddocs/speeches/2003/20030403/default.htm
"June 14, 1999",https://www.federalreserve.gov/boarddocs/speeches/1999/19990614.htm
"November 6, 2003",https://www.federalreserve.gov/boarddocs/speeches/2003/20031106/default.htm
"December 5, 1996",https://www.federalreserve.gov/boarddocs/speeches/1996/19961205.htm
"March 8, 2000",https://www.federalreserve.gov/boarddocs/speeches/2000/20000308.htm
"October 8, 2002",https://www.federalreserve.gov/boarddocs/speeches/2002/20021008/default.htm
"October 26, 2001",https://www.federalreserve.gov/boarddocs/speeches/2001/20011026/default.htm
"September 11, 2007",https://www.federalreserve.gov/newsevents/speech/bernanke20070911a.htm
"May 25, 2006",https://www.federalreserve.gov/newsevents/speech/olson20060525a.htm
"June 23, 2005",https://www.federalreserve.gov/boarddocs/speeches/2005/20050623/default.htm
"November 19, 2002",https://www.federalreserve.gov/boarddocs/speeches/2002/20021119/default.htm
"December 19, 2002",https://www.federalreserve.gov/boarddocs/speeches/2002/20021219/default.htm
"June 16, 2009",https://www.federalreserve.gov/newsevents/speech/warsh20090616a.htm
"July 6, 2006",https://www.federalreserve.gov/newsevents/speech/kohn20060706a.htm
"February 26, 1998",https://www.federalreserve.gov/boarddocs/speeches/1998/19980226.htm
"November 20, 2003",https://www.federalreserve.gov/boarddocs/speeches/2003/20031120/default.htm
"January 5, 2008",https://www.federalreserve.gov/newsevents/speech/kohn20080105a.htm
"October 19, 2007",https://www.federalreserve.gov/newsevents/speech/bernanke20071019a.htm
"May 15, 2005",https://www.federalreserve.gov/boarddocs/speeches/2005/20050515/default.htm
"October 24, 2002",https://www.federalreserve.gov/boarddocs/speeches/2002/20021024/default.htm
"October 11, 2000",https://www.federalreserve.gov/boarddocs/speeches/2000/20001011.htm
"June 1, 1999",https://www.federalreserve.gov/boarddocs/speeches/1999/19990601.htm
"June 13, 2003",https://www.federalreserve.gov/boarddocs/speeches/2003/20030613/default.htm
"August 31, 2001",https://www.federalreserve.gov/boarddocs/speeches/2001/20010831/default.htm
"December 5, 2005",https://www.federalreserve.gov/boarddocs/speeches/2005/20051205/default.htm
"January 14, 1997",https://www.federalreserve.gov/boarddocs/speeches/1997/19970114.htm
"April 5, 2006",https://www.federalreserve.gov/newsevents/speech/bernanke20060405a.htm
"January 11, 2007",https://www.federalreserve.gov/newsevents/speech/bies20070111a.htm
"November 13, 2001",https://www.federalreserve.gov/boarddocs/speeches/2001/20011113/default.htm
"March 16, 2006",https://www.federalreserve.gov/newsevents/speech/kohn20060316a.htm
"March 2, 2005",https://www.federalreserve.gov/boarddocs/speeches/2005/20050302/default.htm
"May 7, 2009",https://www.federalreserve.gov/newsevents/speech/bernanke20090507a.htm
"April 19, 2001",https://www.federalreserve.gov/boarddocs/speeches/2001/20010419/default.htm
"October 15, 1997",https://www.federalreserve.gov/boarddocs/speeches/1997/19971015.htm
"October 4, 2010",https://www.federalreserve.gov/newsevents/speech/bernanke20101004a.htm
"September 30, 2009",https://www.federalreserve.gov/newsevents/speech/kohn20090930a.htm
"March 4, 2002",https://www.federalreserve.gov/boarddocs/speeches/2002/20020304/default.htm
"April 21, 2008",https://www.federalreserve.gov/newsevents/speech/kroszner20080421a.htm
"December 19, 1996",https://www.federalreserve.gov/boarddocs/speeches/1996/19961219.htm
"June 12, 2008",https://www.federalreserve.gov/newsevents/speech/bernanke20080612a.htm
"March 5, 2001",https://www.federalreserve.gov/boarddocs/speeches/2001/20010305/default.htm
"April 17, 2000",https://www.federalreserve.gov/boarddocs/speeches/2000/20000417.htm
"October 12, 2005",https://www.federalreserve.gov/boarddocs/speeches/2005/20051012/default.htm
"March 9, 1998",https://www.federalreserve.gov/boarddocs/speeches/1998/19980309.htm
"March 19, 1998",https://www.federalreserve.gov/boarddocs/speeches/1998/19980319.htm
"October 4, 2006",https://www.federalreserve.gov/newsevents/speech/bernanke20061004a.htm
"January 14, 2004",https://www.federalreserve.gov/boarddocs/speeches/2004/200401033/default.htm
"November 21, 2000",https://www.federalreserve.gov/boarddocs/speeches/2000/20001121.htm
"March 31, 2004",https://www.federalreserve.gov/boarddocs/speeches/2004/20040225/default.htm
"January 16, 1998",https://www.federalreserve.gov/boarddocs/speeches/1998/19980116.htm
"September 19, 1997",https://www.federalreserve.gov/boarddocs/speeches/1997/19970919.htm
"May 12, 2005",https://www.federalreserve.gov/boarddocs/speeches/2005/20050512/default.htm
"October 5, 1996",https://www.federalreserve.gov/boarddocs/speeches/1996/19961005.htm
"May 7, 1998",https://www.federalreserve.gov/boarddocs/speeches/1998/19980507.htm
"April 20, 2006",https://www.federalreserve.gov/newsevents/speech/bernanke20060420a.htm
"May 8, 2003",https://www.federalreserve.gov/boarddocs/speeches/2003/20030508/default.htm
"May 17, 2001",https://www.federalreserve.gov/boarddocs/speeches/2001/20010517/default.htm
"May 8, 2010",https://www.federalreserve.gov/newsevents/speech/bernanke20100508a.htm
"September 1, 2008",https://www.federalreserve.gov/newsevents/speech/kroszner20080901a.htm
"November 12, 2008",https://www.federalreserve.gov/newsevents/speech/kohn20081112a.htm
"May 14, 2008",https://www.federalreserve.gov/newsevents/speech/kroszner20080514a.htm
"October 12, 1999",https://www.federalreserve.gov/boarddocs/speeches/1999/19991012.htm
"October 9, 2003",https://www.federalreserve.gov/boarddocs/speeches/2003/20031009/default.htm
"December 5, 2001",https://www.federalreserve.gov/boarddocs/speeches/2001/20011205/default.htm
"January 11, 2002",https://www.federalreserve.gov/boarddocs/speeches/2002/20020111/default.htm
"May 3, 2006",https://www.federalreserve.gov/newsevents/speech/bernanke20060503a.htm
"September 28, 2005",https://www.federalreserve.gov/boarddocs/speeches/2005/20050928/default.htm
"October 31, 2003",https://www.federalreserve.gov/boarddocs/speeches/2003/20031031/default.htm
"November 14, 2003",https://www.federalreserve.gov/boarddocs/speeches/2003/20031114/default.htm
"April 26, 2004",https://www.federalreserve.gov/boarddocs/speeches/2004/20040426/default.htm
"October 22, 2007",https://www.federalreserve.gov/newsevents/speech/kroszner20071022a.htm
"November 12, 1998",https://www.federalreserve.gov/boarddocs/speeches/1998/19981112.htm
"December 3, 1996",https://www.federalreserve.gov/boarddocs/speeches/1996/19961203.htm
"March 30, 2007",https://www.federalreserve.gov/newsevents/speech/bernanke20070330a.htm
"May 13, 1999",https://www.federalreserve.gov/boarddocs/speeches/1999/19990513.htm
"January 27, 2005",https://www.federalreserve.gov/boarddocs/speeches/2005/20050112/default.htm
"October 9, 2009",https://www.federalreserve.gov/newsevents/speech/kohn20091009a.htm
"April 16, 2004",https://www.federalreserve.gov/boarddocs/speeches/2004/20040416/default.htm
"March 23, 2001",https://www.federalreserve.gov/boarddocs/speeches/2001/20010323/default.htm
"February 25, 2000",https://www.federalreserve.gov/boarddocs/speeches/2000/20000225.htm
"August 31, 2007",https://www.federalreserve.gov/newsevents/speech/bernanke20070831a.htm
"November 4, 1997",https://www.federalreserve.gov/boarddocs/speeches/1997/19971104.htm
"September 28, 2004",https://www.federalreserve.gov/boarddocs/speeches/2004/20040928/default.htm
"April 6, 1999",https://www.federalreserve.gov/boarddocs/speeches/1999/19990406.htm
"June 22, 1999",https://www.federalreserve.gov/boarddocs/speeches/1999/19990622.htm
"October 20, 2007",https://www.federalreserve.gov/newsevents/speech/mishkin20071020a.htm
"August 25, 2000",https://www.federalreserve.gov/boarddocs/speeches/2000/20000825.htm
"September 14, 2009",https://www.federalreserve.gov/newsevents/speech/duke20090914a.htm
"February 23, 2004",https://www.federalreserve.gov/boarddocs/speeches/2004/20040223/default.htm
"January 6, 2005",https://www.federalreserve.gov/boarddocs/speeches/2005/20050106/default.htm
"April 24, 1997",https://www.federalreserve.gov/boarddocs/speeches/1997/19970424.htm
"May 10, 2001",https://www.federalreserve.gov/boarddocs/speeches/2001/20010510/default.htm
"November 3, 2005",https://www.federalreserve.gov/boarddocs/speeches/2005/20051103/default.htm
"January 12, 2005",https://www.federalreserve.gov/boarddocs/speeches/2005/20050112/default.htm
"September 15, 2000",https://www.federalreserve.gov/boarddocs/speeches/2000/20000915.htm
"November 7, 2005",https://www.federalreserve.gov/boarddocs/speeches/2005/20051107/default.htm
"August 3, 2001",https://www.federalreserve.gov/boarddocs/speeches/2001/20010803/default.htm
"November 10, 2006",https://www.federalreserve.gov/newsevents/speech/bernanke20061110a.htm
"February 11, 2009",https://www.federalreserve.gov/newsevents/speech/duke20090211a.htm
"August 22, 2008",https://www.federalreserve.gov/newsevents/speech/bernanke20080822a.htm
"June 26, 2003",https://www.federalreserve.gov/boarddocs/speeches/2003/20030626/default.htm
"December 11, 2003",https://www.federalreserve.gov/boarddocs/speeches/2003/20031211/default.htm
"May 21, 2004",https://www.federalreserve.gov/boarddocs/speeches/2004/20040521/default.htm
"May 11, 2009",https://www.federalreserve.gov/newsevents/speech/bernanke20090511a.htm
"August 1, 2007",https://www.federalreserve.gov/newsevents/speech/kroszner20070801a.htm
"September 28, 2002",https://www.federalreserve.gov/boarddocs/speeches/2002/20020928/default.htm
"January 10, 2008",https://www.federalreserve.gov/newsevents/speech/bernanke20080110a.htm
"December 8, 2000",https://www.federalreserve.gov/boarddocs/speeches/2000/20001208.htm
"September 12, 1997",https://www.federalreserve.gov/boarddocs/speeches/1997/19970912.htm
"May 17, 2002",https://www.federalreserve.gov/boarddocs/speeches/2002/20020517/default.htm
"February 25, 2008",https://www.federalreserve.gov/newsevents/speech/kroszner20080225a.htm
"June 10, 2002",https://www.federalreserve.gov/boarddocs/speeches/2002/20020610/default.htm
"November 14, 2005",https://www.federalreserve.gov/boarddocs/speeches/2005/20051114/default.htm
"June 10, 2004",https://www.federalreserve.gov/boarddocs/speeches/2004/20040610/default.htm
"February 28, 2002",https://www.federalreserve.gov/boarddocs/speeches/2002/20020228/default.htm
"April 11, 2007",https://www.federalreserve.gov/newsevents/speech/bernanke20070411a.htm
"March 4, 2003",https://www.federalreserve.gov/boarddocs/speeches/2003/20030304/default.htm
"November 9, 2009",https://www.federalreserve.gov/newsevents/speech/tarullo20091109a.htm
"July 15, 2010",https://www.federalreserve.gov/newsevents/speech/duke20100715a.htm
"January 18, 2002",https://www.federalreserve.gov/boarddocs/speeches/2002/20020118/default.htm
"February 8, 2002",https://www.federalreserve.gov/boarddocs/speeches/2002/20020208/default.htm
"January 16, 1997",https://www.federalreserve.gov/boarddocs/speeches/1997/19970116.htm
"February 16, 1999",https://www.federalreserve.gov/boarddocs/speeches/1999/19990216.htm
"December 3, 2008",https://www.federalreserve.gov/newsevents/speech/kroszner20081203a.htm
"July 8, 2008",https://www.federalreserve.gov/newsevents/speech/bernanke20080708a.htm
"January 4, 2008",https://www.federalreserve.gov/newsevents/speech/kohn20080104a.htm
"September 19, 1996",https://www.federalreserve.gov/boarddocs/speeches/1996/19960919.htm
"June 18, 1996",https://www.federalreserve.gov/boarddocs/speeches/1996/19960618.htm
"April 6, 2000",https://www.federalreserve.gov/boarddocs/speeches/2000/20000406.htm
"February 4, 2008",https://www.federalreserve.gov/newsevents/speech/kroszner20080204a.htm
"February 20, 2002",https://www.federalreserve.gov/boarddocs/speeches/2002/20020220/default.htm
"May 4, 2006",https://www.federalreserve.gov/newsevents/speech/bies20060504a.htm
"March 19, 1999",https://www.federalreserve.gov/boarddocs/speeches/1999/19990319.htm
"May 23, 2007",https://www.federalreserve.gov/newsevents/speech/kroszner20070523a.htm
"February 27, 2008",https://www.federalreserve.gov/newsevents/speech/mishkin20080227a.htm
"October 2, 2003",https://www.federalreserve.gov/boarddocs/speeches/2003/20031002/default.htm
"June 15, 2006",https://www.federalreserve.gov/newsevents/speech/kroszner20060615a.htm
"March 3, 1999",https://www.federalreserve.gov/boarddocs/speeches/1999/19990303.htm
"June 9, 2006",https://www.federalreserve.gov/newsevents/speech/bernanke20060609a.htm
"September 1, 2006",https://www.federalreserve.gov/newsevents/speech/bernanke20060901a.htm
"May 25, 2010",https://www.federalreserve.gov/newsevents/speech/bernanke20100525a.htm
"March 13, 2003",https://www.federalreserve.gov/boarddocs/speeches/2003/20030313/default.htm
"May 11, 2010",https://www.federalreserve.gov/newsevents/speech/kohn20100511a.htm
"October 23, 2001",https://www.federalreserve.gov/boarddocs/speeches/2001/20011023/default.htm
"July 21, 2005",https://www.federalreserve.gov/boarddocs/speeches/2005/20050721/default.htm
"May 20, 1998",https://www.federalreserve.gov/boarddocs/speeches/1998/19980520.htm
"March 3, 2000",https://www.federalreserve.gov/boarddocs/speeches/2000/20000303.htm
"March 13, 2000",https://www.federalreserve.gov/boarddocs/speeches/2000/20000313.htm
"October 22, 2002",https://www.federalreserve.gov/boarddocs/speeches/2002/20021022/default.htm
"February 28, 2003",https://www.federalreserve.gov/boarddocs/speeches/2003/20030228/default.htm
"June 13, 2000",https://www.federalreserve.gov/boarddocs/speeches/2000/20000613.htm
"March 7, 2000",https://www.federalreserve.gov/boarddocs/speeches/2000/20000307.htm
"April 10, 2000",https://www.federalreserve.gov/boarddocs/speeches/2000/20000410.htm
"April 22, 1999",https://www.federalreserve.gov/boarddocs/speeches/1999/19990422.htm
"October 14, 1999",https://www.federalreserve.gov/boarddocs/speeches/1999/19991014.htm
"May 3, 1997",https://www.federalreserve.gov/boarddocs/speeches/1997/19970503.htm
"January 7, 2000",https://www.federalreserve.gov/boarddocs/speeches/2000/20000107.htm
"September 30, 2010",https://www.federalreserve.gov/newsevents/speech/bernanke20100930a.htm
"April 10, 1997",https://www.federalreserve.gov/boarddocs/speeches/1997/19970410.htm
"May 22, 2008",https://www.federalreserve.gov/newsevents/speech/kroszner20080522a.htm
"June 9, 2010",https://www.federalreserve.gov/newsevents/speech/bernanke20100609a.htm
"June 3, 2005",https://www.federalreserve.gov/boarddocs/speeches/2005/20050603/default.htm
"May 15, 2008",https://www.federalreserve.gov/newsevents/speech/bernanke20080515a.htm
"April 22, 2004",https://www.federalreserve.gov/boarddocs/speeches/2004/20040422/default.htm
"June 11, 2003",https://www.federalreserve.gov/boarddocs/speeches/2003/20030611/default.htm
"March 22, 2007",https://www.federalreserve.gov/newsevents/speech/kroszner20070322a.htm
"October 18, 2005",https://www.federalreserve.gov/boarddocs/speeches/2005/20051018/default.htm
"August 7, 2003",https://www.federalreserve.gov/boarddocs/speeches/2003/20030807/default.htm
"October 31, 1996",https://www.federalreserve.gov/boarddocs/speeches/1996/19961031.htm
"April 27, 2005",https://www.federalreserve.gov/boarddocs/speeches/2005/20050427/default.htm
"June 10, 2003",https://www.federalreserve.gov/boarddocs/speeches/2003/20030610/default.htm
"October 21, 2009",https://www.federalreserve.gov/newsevents/speech/tarullo20091021a.htm
"November 8, 2010",https://www.federalreserve.gov/newsevents/speech/warsh20101108a.htm
"October 9, 2002",https://www.federalreserve.gov/boarddocs/speeches/2002/20021009/default.htm
"January 26, 2004",https://www.federalreserve.gov/boarddocs/speeches/2004/20040126/default.htm
"November 3, 2006",https://www.federalreserve.gov/newsevents/speech/kohn20061103a.htm
"April 27, 2010",https://www.federalreserve.gov/newsevents/speech/bernanke20100427a.htm
"November 21, 2002",https://www.federalreserve.gov/boarddocs/speeches/2002/20021121/default.htm
"December 2, 2004",https://www.federalreserve.gov/boarddocs/speeches/2004/20041202/default.htm
"October 5, 1998",https://www.federalreserve.gov/boarddocs/speeches/1998/19981005.htm
"September 21, 2007",https://www.federalreserve.gov/pubs/feds/2007/200744/200744abs.html
"October 5, 1997",https://www.federalreserve.gov/boarddocs/speeches/1997/19971005.htm
"April 21, 2010",https://www.federalreserve.gov/newsevents/speech/bernanke20100421a.htm
"July 12, 2000",https://www.federalreserve.gov/boarddocs/speeches/2000/20000712.htm
"February 17, 2000",https://www.federalreserve.gov/boarddocs/speeches/2000/20000217.htm
"October 1, 2002",https://www.federalreserve.gov/boarddocs/speeches/2002/20021001/default.htm
"October 24, 2000",https://www.federalreserve.gov/boarddocs/speeches/2000/20001024.htm
"June 18, 1998",https://www.federalreserve.gov/boarddocs/speeches/1998/19980618.htm
"June 16, 2003",https://www.federalreserve.gov/boarddocs/speeches/2003/20030616/default.htm
"May 10, 2007",https://www.federalreserve.gov/newsevents/speech/kroszner20070510a.htm
"January 15, 1999",https://www.federalreserve.gov/boarddocs/speeches/1999/19990115.htm
"April 27, 2004",https://www.federalreserve.gov/boarddocs/speeches/2004/20040427/default.htm
"September 18, 2000",https://www.federalreserve.gov/boarddocs/speeches/2000/20000918.htm
"March 2, 2007",https://www.federalreserve.gov/newsevents/speech/bernanke20070302a.htm
"June 11, 2001",https://www.federalreserve.gov/boarddocs/speeches/2001/20010611/default.htm
"September 8, 1999",https://www.federalreserve.gov/boarddocs/speeches/1999/19990908.htm
"June 8, 2005",https://www.federalreserve.gov/boarddocs/speeches/2005/20050608/default.htm
"June 3, 2010",https://www.federalreserve.gov/newsevents/speech/bernanke20100603a.htm
"September 10, 2004",https://www.federalreserve.gov/boarddocs/speeches/2004/20040910/default.htm
"September 26, 2005",https://www.federalreserve.gov/boarddocs/speeches/2005/20050926/default.htm
"June 7, 2005",https://www.federalreserve.gov/boarddocs/speeches/2005/20050607/default.htm
"January 25, 2001",https://www.federalreserve.gov/boarddocs/speeches/2001/20010125/default.htm
"July 29, 1999",https://www.federalreserve.gov/boarddocs/speeches/1999/19990729.htm
"May 11, 2006",https://www.federalreserve.gov/newsevents/speech/kohn20060511a.htm
"November 28, 2006",https://www.federalreserve.gov/newsevents/speech/bernanke20061128a.htm
"March 1, 2002",https://www.federalreserve.gov/boarddocs/speeches/2002/20020301/default.htm
"June 13, 2006",https://www.federalreserve.gov/newsevents/speech/bernanke20060613a.htm
"December 2, 2005",https://www.federalreserve.gov/boarddocs/speeches/2005/20051202/default.htm
"April 13, 2006",https://www.federalreserve.gov/newsevents/speech/kohn20060413a.htm
"August 25, 2006",https://www.federalreserve.gov/newsevents/speech/bernanke20060825a.htm
"June 4, 2008",https://www.federalreserve.gov/newsevents/speech/bernanke20080604a.htm
"February 6, 2007",https://www.federalreserve.gov/newsevents/speech/bernanke20070206a.htm
"January 19, 2005",https://www.federalreserve.gov/boarddocs/speeches/2005/20050119/default.htm
"November 2, 2006",https://www.federalreserve.gov/newsevents/speech/bies20061102a.htm
"October 20, 2000",https://www.federalreserve.gov/boarddocs/speeches/2000/20001020.htm
"September 4, 1998",https://www.federalreserve.gov/boarddocs/speeches/1998/19980904.htm
"November 18, 2002",https://www.federalreserve.gov/boarddocs/speeches/2002/20021118/default.htm
"October 15, 2004",https://www.federalreserve.gov/boarddocs/speeches/2004/20041015/default.htm
"August 30, 2002",https://www.federalreserve.gov/boarddocs/speeches/2002/20020830/default.htm
"May 11, 2000",https://www.federalreserve.gov/boarddocs/speeches/2000/20000511.htm
"April 20, 2009",https://www.federalreserve.gov/newsevents/speech/kohn20090420a.htm
"October 26, 2004",https://www.federalreserve.gov/boarddocs/speeches/2004/20041026/default.htm
"June 10, 1999",https://www.federalreserve.gov/boarddocs/speeches/1999/19990610.htm
"May 30, 2010",https://www.federalreserve.gov/newsevents/speech/bernanke20100530a.htm
"September 11, 2008",https://www.federalreserve.gov/newsevents/speech/kohn20080911a.htm
"May 17, 2004",https://www.federalreserve.gov/boarddocs/speeches/2004/20040517/default.htm
"February 14, 1997",https://www.federalreserve.gov/boarddocs/speeches/1997/19970214.htm
"April 1, 2004",https://www.federalreserve.gov/boarddocs/speeches/2004/20040401/default.htm
"October 22, 1998",https://www.federalreserve.gov/boarddocs/speeches/1998/19981022.htm
"October 19, 2005",https://www.federalreserve.gov/boarddocs/speeches/2005/20051019/default.htm
"May 9, 2000",https://www.federalreserve.gov/boarddocs/speeches/2000/20000509.htm
"December 1, 2006",https://www.federalreserve.gov/newsevents/speech/bernanke20061201a.htm
"March 7, 2001",https://www.federalreserve.gov/boarddocs/speeches/2001/20010307/default.htm
"August 25, 2009",https://www.federalreserve.gov/newsevents/speech/tarullo20090825a.htm
"September 24, 2007",https://www.federalreserve.gov/newsevents/speech/bernanke20070924a.htm
"April 8, 2004",https://www.federalreserve.gov/boarddocs/speeches/2004/20040408/default.htm
"July 11, 2000",https://www.federalreserve.gov/boarddocs/speeches/2000/20000711.htm
"April 30, 1998",https://www.federalreserve.gov/boarddocs/speeches/1998/19980430.htm
"October 31, 1997",https://www.federalreserve.gov/boarddocs/speeches/1997/19971031.htm
"February 21, 2003",https://www.federalreserve.gov/boarddocs/speeches/2003/20030221/default.htm
"September 17, 1999",https://www.federalreserve.gov/boarddocs/speeches/1999/19990917.htm
"February 2, 2006",https://www.federalreserve.gov/newsevents/speech/bies20060202a.htm
"October 7, 2008",https://www.federalreserve.gov/newsevents/speech/bernanke20081007a.htm
"February 28, 2005",https://www.federalreserve.gov/boarddocs/speeches/2005/20050228/default.htm
"June 15, 2005",https://www.federalreserve.gov/boarddocs/speeches/2005/20050615/default.htm
"October 15, 2007",https://www.federalreserve.gov/newsevents/speech/bernanke20071015a.htm
"May 6, 2010",https://www.federalreserve.gov/newsevents/speech/bernanke20100506a.htm
"May 13, 2008",https://www.federalreserve.gov/newsevents/speech/bernanke20080513.htm
"June 5, 2007",https://www.federalreserve.gov/newsevents/speech/bernanke20070605a.htm
"March 30, 2000",https://www.federalreserve.gov/boarddocs/speeches/2000/20000330.htm
"February 16, 2009",https://www.federalreserve.gov/newsevents/speech/duke20090216a.htm
"April 23, 2004",https://www.federalreserve.gov/boarddocs/speeches/2004/20040423/default.htm
"December 2, 2003",https://www.federalreserve.gov/boarddocs/speeches/2003/20031202/default.htm
"May 31, 2002",https://www.federalreserve.gov/boarddocs/speeches/2002/20020531/default.htm
"February 7, 2002",https://www.federalreserve.gov/boarddocs/speeches/2002/20020207/default.htm
"June 16, 1999",https://www.federalreserve.gov/boarddocs/speeches/1999/19990616.htm
"October 23, 2004",https://www.federalreserve.gov/boarddocs/speeches/2004/20041023/default.htm
"October 7, 2002",https://www.federalreserve.gov/boarddocs/speeches/2002/20021007/default.htm
"March 4, 2008",https://www.federalreserve.gov/newsevents/speech/bernanke20080304a.htm
"February 6, 2003",https://www.federalreserve.gov/boarddocs/speeches/2003/20030206/default.htm
"September 25, 2002",https://www.federalreserve.gov/boarddocs/speeches/2002/20020925/default.htm
"May 13, 2003",https://www.federalreserve.gov/boarddocs/speeches/2003/20030513/default.htm
"April 27, 2006",https://www.federalreserve.gov/newsevents/speech/kohn20060427a.htm
"April 4, 1998",https://www.federalreserve.gov/boarddocs/speeches/1998/19980404.htm
"December 6, 1996",https://www.federalreserve.gov/boarddocs/speeches/1996/19961206.htm
"September 16, 1999",https://www.federalreserve.gov/boarddocs/speeches/1999/19990916.htm
"September 4, 2003",https://www.federalreserve.gov/boarddocs/speeches/2003/20030904/default.htm
"March 18, 2010",https://www.federalreserve.gov/newsevents/speech/tarullo20100318a.htm
"March 17, 2004",https://www.federalreserve.gov/boarddocs/speeches/2004/20040317/default.htm
"March 26, 1998",https://www.federalreserve.gov/boarddocs/speeches/1998/19980326.htm
"April 17, 2006",https://www.federalreserve.gov/newsevents/speech/ferguson20060417a.htm
"May 7, 2008",https://www.federalreserve.gov/newsevents/speech/kroszner20080507a.htm
"October 14, 1997",https://www.federalreserve.gov/boarddocs/speeches/1997/19971014.htm
"October 14, 1998",https://www.federalreserve.gov/boarddocs/speeches/1998/19981014.htm
"October 5, 2007",https://www.federalreserve.gov/newsevents/speech/kohn20071004a.htm
"August 27, 2010",https://www.federalreserve.gov/newsevents/speech/bernanke20100827a.htm
"March 11, 2008",https://www.federalreserve.gov/newsevents/speech/kroszner20080311a.htm
"November 2, 2009",https://www.federalreserve.gov/newsevents/speech/tarullo20091102a.htm
"June 9, 2008",https://www.federalreserve.gov/newsevents/speech/bernanke20080609a.htm
"October 6, 2004",https://www.federalreserve.gov/boarddocs/speeches/2004/20041006/default.htm
"April 20, 2007",https://www.federalreserve.gov/newsevents/speech/mishkin20070420a.htm
"May 3, 2002",https://www.federalreserve.gov/boarddocs/speeches/2002/20020503/default.htm
"April 26, 2001",https://www.federalreserve.gov/boarddocs/speeches/2001/20010426/default.htm
"September 9, 2008",https://www.federalreserve.gov/newsevents/speech/bernanke20080909a.htm
"November 15, 1999",https://www.federalreserve.gov/boarddocs/speeches/1999/19991115.htm
"September 4, 1997",https://www.federalreserve.gov/boarddocs/speeches/1997/19970904.htm
"January 7, 2004",https://www.federalreserve.gov/boarddocs/speeches/2004/20040107/default.htm
"November 19, 2004",https://www.federalreserve.gov/boarddocs/speeches/2004/20041119/default.htm
"August 2, 2010",https://www.federalreserve.gov/newsevents/speech/bernanke20100802a.htm
"March 8, 2006",https://www.federalreserve.gov/newsevents/speech/bernanke20060308a.htm
"November 13, 2007",https://www.federalreserve.gov/newsevents/speech/kroszner20071113a.htm
"June 21, 2004",https://www.federalreserve.gov/boarddocs/speeches/2004/200402262/default.htm
"September 27, 2007",https://www.federalreserve.gov/newsevents/speech/mishkin20070927a.htm
"November 8, 2001",https://www.federalreserve.gov/boarddocs/speeches/2001/20011108/default.htm
"May 16, 2003",https://www.federalreserve.gov/boarddocs/speeches/2003/20030516/default.htm
"June 4, 2009",https://www.federalreserve.gov/newsevents/speech/bernanke20090604a.htm
"June 16, 2010",https://www.federalreserve.gov/newsevents/speech/bernanke20100616a.htm
"January 13, 2000",https://www.federalreserve.gov/boarddocs/speeches/2000/20000113.htm
"October 16, 2000",https://www.federalreserve.gov/boarddocs/speeches/2000/20001016.htm
"November 7, 2007",https://www.federalreserve.gov/newsevents/speech/warsh20071107a.htm
"October 29, 1998",https://www.federalreserve.gov/boarddocs/speeches/1998/19981029.htm
"November 7, 1997",https://www.federalreserve.gov/boarddocs/speeches/1997/19971107.htm
"May 4, 2000",https://www.federalreserve.gov/boarddocs/speeches/2000/20000504.htm
"April 11, 2000",https://www.federalreserve.gov/boarddocs/speeches/2000/20000411.htm
"September 10, 2007",https://www.federalreserve.gov/newsevents/speech/mishkin20070910a.htm
"November 29, 2005",https://www.federalreserve.gov/boarddocs/speeches/2005/20051129/default.htm
"January 4, 1999",https://www.federalreserve.gov/boarddocs/speeches/1999/19990104.htm
"June 11, 2002",https://www.federalreserve.gov/boarddocs/speeches/2002/20020611/default.htm
"September 25, 2009",https://www.federalreserve.gov/newsevents/speech/bernanke20090925a.htm
"June 28, 2001",https://www.federalreserve.gov/boarddocs/speeches/2001/20010628/default.htm
"October 23, 2002",https://www.federalreserve.gov/boarddocs/speeches/2002/20021023/default.htm
"July 10, 2009",https://www.federalreserve.gov/newsevents/speech/kohn20090710a.htm
"April 2, 1998",https://www.federalreserve.gov/boarddocs/speeches/1998/19980402.htm
"January 20, 2000",https://www.federalreserve.gov/boarddocs/speeches/2000/20000120.htm
"September 29, 1998",https://www.federalreserve.gov/boarddocs/speeches/1998/19980929.htm
"March 31, 2006",https://www.federalreserve.gov/newsevents/speech/ferguson20060331a.htm
"January 17, 2007",https://www.federalreserve.gov/newsevents/speech/mishkin20070117a.htm
"November 16, 2006",https://www.federalreserve.gov/newsevents/speech/kroszner20061116a.htm
"September 24, 2003",https://www.federalreserve.gov/boarddocs/speeches/2003/20030924/default.htm
"February 4, 2005",https://www.federalreserve.gov/boarddocs/speeches/2005/20050204/default.htm
"November 16, 2009",https://www.federalreserve.gov/newsevents/speech/bernanke20091116a.htm
"April 20, 2005",https://www.federalreserve.gov/boarddocs/speeches/2005/20050420/default.htm
"November 12, 2010",https://www.federalreserve.gov/newsevents/speech/tarullo20101112a.htm
"July 10, 1998",https://www.federalreserve.gov/boarddocs/speeches/1998/19980710.htm
"March 20, 2010",https://www.federalreserve.gov/newsevents/speech/bernanke20100320a.htm
"January 16, 2002",https://www.federalreserve.gov/boarddocs/speeches/2002/20020116/default.htm
"July 17, 2008",https://www.federalreserve.gov/newsevents/speech/kroszner20080717a.htm
"July 10, 2007",https://www.federalreserve.gov/newsevents/speech/bernanke20070710a.htm
"April 6, 2006",https://www.federalreserve.gov/newsevents/speech/kroszner20060406a.htm
"March 7, 2008",https://www.federalreserve.gov/newsevents/speech/kohn20080307a.htm
"August 29, 2003",https://www.federalreserve.gov/boarddocs/speeches/2003/20030829/default.htm
"December 3, 2001",https://www.federalreserve.gov/boarddocs/speeches/2001/20011203/default.htm
"May 27, 2005",https://www.federalreserve.gov/boarddocs/speeches/2005/20050527/default.htm
"May 24, 2006",https://www.federalreserve.gov/newsevents/speech/kroszner20060524a.htm
"June 8, 2004",https://www.federalreserve.gov/boarddocs/speeches/2004/20040608/default.htm
"February 3, 2010",https://www.federalreserve.gov/newsevents/speech/warsh20100203a.htm
"June 14, 2006",https://www.federalreserve.gov/newsevents/speech/bies20060614a.htm
"October 31, 2008",https://www.federalreserve.gov/newsevents/speech/bernanke20081031a.htm
"June 6, 2001",https://www.federalreserve.gov/boarddocs/speeches/2001/20010606/default.htm
"April 4, 2008",https://www.federalreserve.gov/newsevents/speech/kroszner20080404a.htm
"September 30, 2004",https://www.federalreserve.gov/boarddocs/speeches/2004/20040930/default.htm
"February 21, 2007",https://www.federalreserve.gov/newsevents/speech/kohn20070221a.htm
"June 6, 2006",https://www.federalreserve.gov/newsevents/speech/bies20060606a.htm
"October 11, 2005",https://www.federalreserve.gov/boarddocs/speeches/2005/20051011/default.htm
"March 15, 2001",https://www.federalreserve.gov/boarddocs/speeches/2001/20010315/default.htm
"October 11, 1999",https://www.federalreserve.gov/boarddocs/speeches/1999/19991011.htm
"August 26, 2005",https://www.federalreserve.gov/boarddocs/speeches/2005/20050826/default.htm
"July 4, 2006",https://www.federalreserve.gov/newsevents/speech/bies20060704a.htm
"October 16, 2001",https://www.federalreserve.gov/boarddocs/speeches/2001/20011016/default.htm
"April 10, 2007",https://www.federalreserve.gov/newsevents/speech/mishkin20070410a.htm
"July 8, 2002",https://www.federalreserve.gov/boarddocs/speeches/2002/20020708/default.htm
"May 26, 2000",https://www.federalreserve.gov/boarddocs/speeches/2000/20000526.htm
"March 3, 1998",https://www.federalreserve.gov/boarddocs/speeches/1998/19980303.htm
"April 13, 2010",https://www.federalreserve.gov/newsevents/speech/tarullo20100413a.htm
"November 7, 2002",https://www.federalreserve.gov/boarddocs/speeches/2002/20021107/default.htm
"March 30, 2004",https://www.federalreserve.gov/boarddocs/speeches/2004/20040330/default.htm
"December 13, 2002",https://www.federalreserve.gov/boarddocs/speeches/2002/20021213/default.htm
"September 22, 2003",https://www.federalreserve.gov/boarddocs/speeches/2003/20030922/default.htm
"May 1, 2010",https://www.federalreserve.gov/newsevents/speech/duke20100501a.htm
"April 25, 2007",https://www.federalreserve.gov/newsevents/speech/bernanke20070425a.htm
"June 14, 2007",https://www.federalreserve.gov/newsevents/speech/kroszner20070614a.htm
"May 22, 2000",https://www.federalreserve.gov/boarddocs/speeches/2000/20000522.htm
"December 6, 2005",https://www.federalreserve.gov/boarddocs/speeches/2005/20051206/default.htm
"April 8, 2005",https://www.federalreserve.gov/boarddocs/speeches/2005/20050408/default.htm
"June 12, 2006",https://www.federalreserve.gov/newsevents/speech/olson20060612a.htm
"February 11, 1999",https://www.federalreserve.gov/boarddocs/speeches/1999/19990211.htm
"August 31, 2006",https://www.federalreserve.gov/newsevents/speech/bernanke20060831a.htm
"March 30, 2005",https://www.federalreserve.gov/boarddocs/speeches/2005/20050330/default.htm
"August 27, 2004",https://www.federalreserve.gov/boarddocs/speeches/2004/20040827/default.htm
"June 1, 2000",https://www.federalreserve.gov/boarddocs/speeches/2000/20000601.htm
"July 9, 2009",https://www.federalreserve.gov/newsevents/speech/duke20090709a.htm
"October 27, 2005",https://www.federalreserve.gov/boarddocs/speeches/2005/20051027/default.htm
"October 2, 1996",https://www.federalreserve.gov/boarddocs/speeches/1996/19961002.htm
"April 12, 2000",https://www.federalreserve.gov/boarddocs/speeches/2000/20000412.htm
"June 3, 1998",https://www.federalreserve.gov/boarddocs/speeches/1998/19980603.htm
"September 1, 2007",https://www.federalreserve.gov/pubs/feds/2007/200740/200740abs.html
"January 3, 2010",https://www.federalreserve.gov/newsevents/speech/kohn20100103a.htm
"July 12, 2007",https://www.federalreserve.gov/newsevents/speech/kroszner20070712a.htm
"May 21, 2002",https://www.federalreserve.gov/boarddocs/speeches/2002/20020521/default.htm
"March 26, 2002",https://www.federalreserve.gov/boarddocs/speeches/2002/20020326/default.htm
"October 29, 2004",https://www.federalreserve.gov/boarddocs/speeches/2004/20041029/default.htm
"March 22, 2000",https://www.federalreserve.gov/boarddocs/speeches/2000/20000322.htm
"September 9, 1999",https://www.federalreserve.gov/boarddocs/speeches/1999/19990909.htm
"April 14, 2008",https://www.federalreserve.gov/newsevents/speech/warsh20080414a.htm
"May 31, 2003",https://www.federalreserve.gov/boarddocs/speeches/2003/20030531/default.htm
"May 22, 2007",https://www.federalreserve.gov/newsevents/speech/bernanke20070522a.htm
"April 14, 2009",https://www.federalreserve.gov/newsevents/speech/bernanke20090414a.htm
"March 6, 2000",https://www.federalreserve.gov/boarddocs/speeches/2000/20000306.htm
"March 3, 2008",https://www.federalreserve.gov/newsevents/speech/kroszner20080303a.htm
"October 19, 1999",https://www.federalreserve.gov/boarddocs/speeches/1999/19991019.htm
"October 15, 2008",https://www.federalreserve.gov/newsevents/speech/bernanke20081015a.htm
"June 26, 2009",https://www.federalreserve.gov/newsevents/speech/bernanke20090626a.htm
"June 3, 2004",https://www.federalreserve.gov/boarddocs/speeches/2004/20040603/default.htm
"October 1, 1999",https://www.federalreserve.gov/boarddocs/speeches/1999/19991001.htm
"November 1, 2006",https://www.federalreserve.gov/newsevents/speech/bernanke20061101a.htm
"April 5, 2005",https://www.federalreserve.gov/boarddocs/speeches/2005/20050405/default.htm
"March 23, 2007",https://www.federalreserve.gov/newsevents/speech/mishkin20070323a.htm
"March 2, 1998",https://www.federalreserve.gov/boarddocs/speeches/1998/19980302.htm
"July 15, 2004",https://www.federalreserve.gov/boarddocs/speeches/2004/20040715/default.htm
"October 9, 1996",https://www.federalreserve.gov/boarddocs/speeches/1996/19961009.htm
"May 22, 2003",https://www.federalreserve.gov/boarddocs/speeches/2003/20030522/default.htm
"March 4, 1998",https://www.federalreserve.gov/boarddocs/speeches/1998/19980304.htm
"January 4, 2003",https://www.federalreserve.gov/boarddocs/speeches/2003/20030104/default.htm
"April 3, 2008",https://www.federalreserve.gov/newsevents/speech/mishkin20080403a.htm
"September 27, 2005",https://www.federalreserve.gov/boarddocs/speeches/2005/20050927/default.htm
"May 7, 2003",https://www.federalreserve.gov/boarddocs/speeches/2003/20030507/default.htm
"October 4, 2004",https://www.federalreserve.gov/boarddocs/speeches/2004/20041004/default.htm
"October 24, 2001",https://www.federalreserve.gov/boarddocs/speeches/2001/20011024/default.htm
"February 3, 2000",https://www.federalreserve.gov/boarddocs/speeches/2000/20000203.htm
"December 15, 2006",https://www.federalreserve.gov/newsevents/speech/bernanke20061215a.htm
"October 15, 2001",https://www.federalreserve.gov/boarddocs/speeches/2001/20011015/default.htm
"December 1, 2008",https://www.federalreserve.gov/newsevents/speech/bernanke20081201a.htm
"June 9, 1998",https://www.federalreserve.gov/boarddocs/speeches/1998/19980609.htm
"May 17, 2005",https://www.federalreserve.gov/boarddocs/speeches/2005/20050517/default.htm
"January 5, 1997",https://www.federalreserve.gov/boarddocs/speeches/1997/19970105.htm
"April 16, 1999",https://www.federalreserve.gov/boarddocs/speeches/1999/19990416.htm
"September 28, 2007",https://www.federalreserve.gov/newsevents/speech/mishkin20070928a.htm
"March 6, 2007",https://www.federalreserve.gov/newsevents/speech/bernanke20070306a.htm
"January 11, 1999",https://www.federalreserve.gov/boarddocs/speeches/1999/19990111.htm
"April 26, 1999",https://www.federalreserve.gov/boarddocs/speeches/1999/19990426.htm
"June 6, 2008",https://www.federalreserve.gov/newsevents/speech/kroszner20080606a.htm
"July 9, 1998",https://www.federalreserve.gov/boarddocs/speeches/1998/19980709.htm
"June 26, 2008",https://www.federalreserve.gov/newsevents/speech/kohn20080626a.htm
"May 18, 2001",https://www.federalreserve.gov/boarddocs/speeches/2001/20010518/default.htm
"March 20, 2009",https://www.federalreserve.gov/newsevents/speech/bernanke20090320a.htm
"October 13, 2009",https://www.federalreserve.gov/newsevents/speech/kohn20091013a.htm
"June 14, 2001",https://www.federalreserve.gov/boarddocs/speeches/2001/20010614/default.htm
"May 29, 2008",https://www.federalreserve.gov/newsevents/speech/bernanke20080513.htm
"January 21, 1999",https://www.federalreserve.gov/boarddocs/speeches/1999/19990121.htm
"April 28, 2006",https://www.federalreserve.gov/newsevents/speech/bies20060428a.htm
"May 2, 1998",https://www.federalreserve.gov/boarddocs/speeches/1998/19980502.htm
"October 3, 2002",https://www.federalreserve.gov/boarddocs/speeches/2002/20021003/default.htm
"June 18, 1997",https://www.federalreserve.gov/boarddocs/speeches/1997/19970618.htm
"December 2, 2010",https://www.federalreserve.gov/newsevents/speech/duke20101202a.htm
"December 6, 2000",https://www.federalreserve.gov/boarddocs/speeches/2000/20001206.htm
"March 28, 2001",https://www.federalreserve.gov/boarddocs/speeches/2001/20010328/default.htm
"May 31, 2000",https://www.federalreserve.gov/boarddocs/speeches/2000/20000531.htm
"April 24, 2003",https://www.federalreserve.gov/boarddocs/speeches/2003/20030424/default.htm
"January 12, 1998",https://www.federalreserve.gov/boarddocs/speeches/1998/19980112.htm
"November 30, 2001",https://www.federalreserve.gov/boarddocs/speeches/2001/20011130/default.htm
"March 10, 2006",https://www.federalreserve.gov/newsevents/speech/ferguson20060310a.htm
"March 16, 1999",https://www.federalreserve.gov/boarddocs/speeches/1999/19990316.htm
"October 5, 2004",https://www.federalreserve.gov/boarddocs/speeches/2004/20041005/default.htm
"April 20, 2000",https://www.federalreserve.gov/boarddocs/speeches/2000/20000420.htm
"September 16, 2005",https://www.federalreserve.gov/boarddocs/speeches/2005/20050916/default.htm
"September 28, 1998",https://www.federalreserve.gov/boarddocs/speeches/1998/19980928.htm
"May 12, 1998",https://www.federalreserve.gov/boarddocs/speeches/1998/19980512.htm
"April 3, 2009",https://www.federalreserve.gov/newsevents/speech/kohn20090403a.htm
"May 5, 2008",https://www.federalreserve.gov/newsevents/speech/Bernanke20080505a.htm
"April 5, 2000",https://www.federalreserve.gov/boarddocs/speeches/2000/20000405.htm
"October 16, 2002",https://www.federalreserve.gov/boarddocs/speeches/2002/20021016/default.htm
"February 3, 2003",https://www.federalreserve.gov/boarddocs/speeches/2003/20030203/default.htm
"October 12, 2006",https://www.federalreserve.gov/newsevents/speech/mishkin20061012a.htm
"April 8, 2002",https://www.federalreserve.gov/boarddocs/speeches/2002/20020408/default.htm
"September 15, 1999",https://www.federalreserve.gov/boarddocs/speeches/1999/19990915.htm
"May 18, 2000",https://www.federalreserve.gov/boarddocs/speeches/2000/20000518.htm
"June 16, 2008",https://www.federalreserve.gov/newsevents/speech/bernanke20080616a.htm
"October 15, 1999",https://www.federalreserve.gov/boarddocs/speeches/1999/19991015.htm
"April 27, 2001",https://www.federalreserve.gov/boarddocs/speeches/2001/20010427/default.htm
"October 6, 1999",https://www.federalreserve.gov/boarddocs/speeches/1999/19991006.htm
"November 14, 2000",https://www.federalreserve.gov/boarddocs/speeches/2000/20001114.htm
"January 11, 2008",https://www.federalreserve.gov/newsevents/speech/mishkin20080111a.htm
"March 5, 2007",https://www.federalreserve.gov/newsevents/speech/kroszner20070305a.htm
"December 15, 1997",https://www.federalreserve.gov/boarddocs/speeches/1997/19971215.htm
"February 26, 2008",https://www.federalreserve.gov/newsevents/speech/kohn20080226a.htm
"August 28, 1998",https://www.federalreserve.gov/boarddocs/speeches/1998/19980828.htm
"January 3, 2004",https://www.federalreserve.gov/boarddocs/speeches/2004/20040103/default.htm
"March 31, 2010",https://www.federalreserve.gov/newsevents/speech/duke20100331a.htm
"June 17, 2009",https://www.federalreserve.gov/newsevents/speech/bernanke20090617a.htm
"December 3, 1997",https://www.federalreserve.gov/boarddocs/speeches/1997/19971203.htm
"January 8, 2007",https://www.federalreserve.gov/newsevents/speech/kohn20070108a.htm
"February 11, 2005",https://www.federalreserve.gov/boarddocs/speeches/2005/20050211/default.htm
"May 1, 1997",https://www.federalreserve.gov/boarddocs/speeches/1997/19970501.htm
"April 6, 2009",https://www.federalreserve.gov/newsevents/speech/warsh20090406a.htm
"November 18, 2004",https://www.federalreserve.gov/boarddocs/speeches/2004/20041118/default.htm
"October 16, 1998",https://www.federalreserve.gov/boarddocs/speeches/1998/19981016.htm
"March 17, 1998",https://www.federalreserve.gov/boarddocs/speeches/1998/19980317.htm
"March 24, 2003",https://www.federalreserve.gov/boarddocs/speeches/2003/20030324/default.htm
"November 22, 2003",https://www.federalreserve.gov/boarddocs/speeches/2003/20031122/default.htm
"March 12, 2002",https://www.federalreserve.gov/boarddocs/speeches/2002/20020312/default.htm
"June 10, 2009",https://www.federalreserve.gov/newsevents/speech/duke20090610a.htm
"September 28, 1999",https://www.federalreserve.gov/boarddocs/speeches/1999/19990928.htm
"June 2, 1999",https://www.federalreserve.gov/boarddocs/speeches/1999/19990602.htm
"April 22, 2002",https://www.federalreserve.gov/boarddocs/speeches/2002/20020422/default.htm
"March 25, 1999",https://www.federalreserve.gov/boarddocs/speeches/1999/19990325.htm
"April 7, 2000",https://www.federalreserve.gov/boarddocs/speeches/2000/20000407.htm
"May 9, 2002",https://www.federalreserve.gov/boarddocs/speeches/2002/20020509/default.htm
"April 19, 2010",https://www.federalreserve.gov/newsevents/speech/duke20100419a.htm
"September 6, 2007",https://www.federalreserve.gov/newsevents/speech/kroszner20070906a.htm
"May 5, 2004",https://www.federalreserve.gov/boarddocs/speeches/2004/20040505/default.htm
"April 16, 1998",https://www.federalreserve.gov/boarddocs/speeches/1998/199804162.htm
"April 23, 1998",https://www.federalreserve.gov/boarddocs/speeches/1998/19980423.htm
"October 17, 2005",https://www.federalreserve.gov/boarddocs/speeches/2005/20051017/default.htm
"May 17, 2007",https://www.federalreserve.gov/newsevents/speech/bernanke20070517a.htm
"April 28, 2003",https://www.federalreserve.gov/boarddocs/speeches/2003/20030428/default.htm
"December 8, 2008",https://www.federalreserve.gov/newsevents/speech/kroszner20081208a.htm
"December 2, 1997",https://www.federalreserve.gov/boarddocs/speeches/1997/19971202.htm
"January 14, 2000",https://www.federalreserve.gov/boarddocs/speeches/2000/20000114.htm
"June 13, 1996",https://www.federalreserve.gov/boarddocs/speeches/1996/19960613.htm
"August 12, 2004",https://www.federalreserve.gov/boarddocs/speeches/2004/20040812/default.htm
"March 30, 2009",https://www.federalreserve.gov/newsevents/speech/duke20090330a.htm
"May 13, 2010",https://www.federalreserve.gov/newsevents/speech/kohn20100513a.htm
"June 30, 2010",https://www.federalreserve.gov/newsevents/speech/duke20100630a.htm
"November 5, 2007",https://www.federalreserve.gov/newsevents/speech/mishkin20071105a.htm
"March 12, 2007",https://www.federalreserve.gov/newsevents/speech/kroszner20070312a.htm
"May 20, 2008",https://www.federalreserve.gov/newsevents/speech/kohn20080520a.htm
"May 21, 2001",https://www.federalreserve.gov/boarddocs/speeches/2001/20010521/default.htm
"March 10, 2005",https://www.federalreserve.gov/boarddocs/speeches/2005/20050310/default.htm
"March 24, 2010",https://www.federalreserve.gov/newsevents/speech/kohn20100324a.htm
"October 11, 2007",https://www.federalreserve.gov/newsevents/speech/kroszner20071011a.htm
"May 24, 2007",https://www.federalreserve.gov/newsevents/speech/mishkin20070524a.htm
"October 25, 2010",https://www.federalreserve.gov/newsevents/speech/bernanke20101025a.htm
"September 5, 1997",https://www.federalreserve.gov/boarddocs/speeches/1997/19970905.htm
"May 19, 2005",https://www.federalreserve.gov/boarddocs/speeches/2005/20050519/default.htm
"April 21, 2005",https://www.federalreserve.gov/boarddocs/speeches/2005/20050421/default.htm
"February 6, 2005",https://www.federalreserve.gov/boarddocs/speeches/2005/20050206/default.htm
"April 4, 1997",https://www.federalreserve.gov/boarddocs/speeches/1997/19970404.htm
"January 13, 2004",https://www.federalreserve.gov/boarddocs/speeches/2004/20040113/default.htm
"March 25, 2003",https://www.federalreserve.gov/boarddocs/speeches/2003/20030325/default.htm
"April 3, 2006",https://www.federalreserve.gov/newsevents/speech/kroszner20060403a.htm
"April 18, 2005",https://www.federalreserve.gov/boarddocs/speeches/2005/20050418/default.htm
"November 6, 2007",https://www.federalreserve.gov/newsevents/speech/bernanke20071106a.htm
"October 15, 2010",https://www.federalreserve.gov/newsevents/speech/bernanke20101015a.htm
"June 20, 2002",https://www.federalreserve.gov/boarddocs/speeches/2002/20020620/default.htm
"October 11, 1996",https://www.federalreserve.gov/boarddocs/speeches/1996/19961011.htm
"January 18, 2005",https://www.federalreserve.gov/boarddocs/speeches/2005/20050118/default.htm
"September 30, 1999",https://www.federalreserve.gov/boarddocs/speeches/1999/19990930.htm
"November 21, 2006",https://www.federalreserve.gov/newsevents/speech/warsh20061121a.htm
"October 19, 2009",https://www.federalreserve.gov/newsevents/speech/bernanke20091019a.htm
"June 8, 2010",https://www.federalreserve.gov/newsevents/speech/duke20100608a.htm
"July 17, 2001",https://www.federalreserve.gov/boarddocs/speeches/2001/20010717/default.htm
"March 3, 2006",https://www.federalreserve.gov/newsevents/speech/ferguson20060303a.htm
"October 7, 1996",https://www.federalreserve.gov/boarddocs/speeches/1996/19961007.htm
"January 10, 2002",https://www.federalreserve.gov/boarddocs/speeches/2002/20020110/default.htm
"June 10, 1997",https://www.federalreserve.gov/boarddocs/speeches/1997/19970610.htm
"September 29, 2005",https://www.federalreserve.gov/boarddocs/speeches/2005/20050929/default.htm
"March 21, 2002",https://www.federalreserve.gov/boarddocs/speeches/2002/20020321/default.htm
"March 11, 2005",https://www.federalreserve.gov/boarddocs/speeches/2005/20050311/default.htm
"October 19, 2010",https://www.federalreserve.gov/newsevents/speech/bernanke20101019a.htm
"November 19, 2010",https://www.federalreserve.gov/newsevents/speech/bernanke20101119a.htm
"February 20, 2004",https://www.federalreserve.gov/boarddocs/speeches/2004/20040220/default.htm
"April 7, 2008",https://www.federalreserve.gov/newsevents/speech/kohn20080407a.htm
"September 18, 1998",https://www.federalreserve.gov/boarddocs/speeches/1998/19980918.htm
"January 9, 2005",https://www.federalreserve.gov/boarddocs/speeches/2005/20050109/default.htm
"April 14, 2005",https://www.federalreserve.gov/boarddocs/speeches/2005/200504142/default.htm
"February 25, 1999",https://www.federalreserve.gov/boarddocs/speeches/1999/19990225.htm
"June 24, 2004",https://www.federalreserve.gov/boarddocs/speeches/2004/20040624/default.htm
"November 15, 2004",https://www.federalreserve.gov/boarddocs/speeches/2004/20041115/default.htm
"January 24, 1997",https://www.federalreserve.gov/boarddocs/speeches/1997/19970124.htm
"March 10, 2009",https://www.federalreserve.gov/newsevents/speech/bernanke20090310a.htm
"April 10, 2008",https://www.federalreserve.gov/newsevents/speech/bernanke20080410a.htm
"April 4, 2003",https://www.federalreserve.gov/boarddocs/speeches/2003/20030404/default.htm
"February 6, 2006",https://www.federalreserve.gov/newsevents/speech/bernanke20060206a.htm
"February 25, 2004",https://www.federalreserve.gov/boarddocs/speeches/2004/20040225/default.htm
"July 2, 2008",https://www.federalreserve.gov/newsevents/speech/mishkin20080702a.htm
"June 15, 2004",https://www.federalreserve.gov/boarddocs/speeches/2004/20040615/default.htm
"January 13, 2009",https://www.federalreserve.gov/newsevents/speech/bernanke20090113a.htm
"January 7, 2005",https://www.federalreserve.gov/boarddocs/speeches/2005/20050107/default.htm
"July 18, 2001",https://www.federalreserve.gov/boarddocs/speeches/2001/20010718/default.htm
"April 13, 1999",https://www.federalreserve.gov/boarddocs/speeches/1999/19990413.htm
"October 31, 2000",https://www.federalreserve.gov/boarddocs/speeches/2000/20001031.htm
"April 18, 2009",https://www.federalreserve.gov/newsevents/speech/kohn20090418a.htm
"May 23, 1997",https://www.federalreserve.gov/boarddocs/speeches/1997/19970523.htm
"October 26, 2005",https://www.federalreserve.gov/boarddocs/speeches/2005/20051026/default.htm
"November 16, 2007",https://www.federalreserve.gov/newsevents/speech/kroszner2007116a.htm
"January 28, 1997",https://www.federalreserve.gov/boarddocs/speeches/1997/19970128.htm
"October 15, 2002",https://www.federalreserve.gov/boarddocs/speeches/2002/20021015/default.htm
"June 3, 2008",https://www.federalreserve.gov/newsevents/speech/bernanke20080603a.htm
"November 10, 2009",https://www.federalreserve.gov/newsevents/speech/tarullo20091110a.htm
"May 19, 2004",https://www.federalreserve.gov/boarddocs/speeches/2004/20040519/default.htm
"October 29, 2003",https://www.federalreserve.gov/boarddocs/speeches/2003/20031029/default.htm
"March 7, 2003",https://www.federalreserve.gov/boarddocs/speeches/2003/20030307/default.htm
"November 2, 1999",https://www.federalreserve.gov/boarddocs/speeches/1999/19991102.htm
"October 12, 2001",https://www.federalreserve.gov/boarddocs/speeches/2001/20011012/default.htm
"June 11, 2008",https://www.federalreserve.gov/newsevents/speech/Kohn20080611a.htm
"June 20, 2001",https://www.federalreserve.gov/boarddocs/speeches/2001/20010620/default.htm
"July 7, 2004",https://www.federalreserve.gov/boarddocs/speeches/2004/20040707/default.htm
"October 1, 2003",https://www.federalreserve.gov/boarddocs/speeches/2003/20031001/default.htm
"February 27, 1998",https://www.federalreserve.gov/boarddocs/speeches/1998/19980227.htm
"December 9, 2009",https://www.federalreserve.gov/newsevents/speech/duke20091209a.htm
"March 27, 2001",https://www.federalreserve.gov/boarddocs/speeches/2001/20010327/default.htm
"March 8, 2005",https://www.federalreserve.gov/boarddocs/speeches/2005/20050308/default.htm
"March 12, 2004",https://www.federalreserve.gov/boarddocs/speeches/2004/20040312/default.htm
"December 4, 2008",https://www.federalreserve.gov/newsevents/speech/bernanke20081204a.htm
"May 25, 2000",https://www.federalreserve.gov/boarddocs/speeches/2000/20000525.htm
"February 11, 1998",https://www.federalreserve.gov/boarddocs/speeches/1998/19980211.htm
"March 7, 2009",https://www.federalreserve.gov/newsevents/speech/bernanke20090307a.htm
"October 24, 2003",https://www.federalreserve.gov/boarddocs/speeches/2003/20031024/default.htm
"April 17, 2009",https://www.federalreserve.gov/newsevents/speech/bernanke20090417a.htm
"February 24, 2009",https://www.federalreserve.gov/newsevents/speech/duke20090224a.htm
"April 29, 1999",https://www.federalreserve.gov/boarddocs/speeches/1999/19990429.htm
"June 14, 2005",https://www.federalreserve.gov/boarddocs/speeches/2005/20050614/default.htm
"September 4, 2001",https://www.federalreserve.gov/boarddocs/speeches/2001/20010904/default.htm
"October 11, 2006",https://www.federalreserve.gov/newsevents/speech/bies20061011a.htm
"March 16, 1998",https://www.federalreserve.gov/boarddocs/speeches/1998/19980316.htm
"May 18, 2006",https://www.federalreserve.gov/newsevents/speech/bernanke20060518a.htm
"August 18, 2003",https://www.federalreserve.gov/boarddocs/speeches/2003/20030818/default.htm
"October 19, 2000",https://www.federalreserve.gov/boarddocs/speeches/2000/20001019.htm
"September 16, 2004",https://www.federalreserve.gov/boarddocs/speeches/2004/20040916/default.htm
"February 20, 2001",https://www.federalreserve.gov/boarddocs/speeches/2001/20010220/default.htm
"April 9, 2003",https://www.federalreserve.gov/boarddocs/speeches/2003/20030409/default.htm
"March 1, 1999",https://www.federalreserve.gov/boarddocs/speeches/1999/19990301.htm
"November 5, 2004",https://www.federalreserve.gov/boarddocs/speeches/2004/20041105/default.htm
"April 30, 2002",https://www.federalreserve.gov/boarddocs/speeches/2002/20020430/default.htm
"January 8, 2002",https://www.federalreserve.gov/boarddocs/speeches/2002/20020108/default.htm
"May 13, 2002",https://www.federalreserve.gov/boarddocs/speeches/2002/20020513/default.htm
"February 18, 2010",https://www.federalreserve.gov/newsevents/speech/duke20100218a.htm
"October 21, 2004",https://www.federalreserve.gov/boarddocs/speeches/2004/20041021/default.htm
"May 11, 2002",https://www.federalreserve.gov/boarddocs/speeches/2002/20020511/default.htm
"April 22, 2005",https://www.federalreserve.gov/boarddocs/speeches/2005/20050422/default.htm
"August 27, 2005",https://www.federalreserve.gov/boarddocs/speeches/2005/20050827/default.htm
"March 12, 1999",https://www.federalreserve.gov/boarddocs/speeches/1999/19990312.htm
"April 14, 2000",https://www.federalreserve.gov/boarddocs/speeches/2000/20000414.htm
"February 23, 2000",https://www.federalreserve.gov/boarddocs/speeches/2000/20000223.htm
"October 17, 2006",https://www.federalreserve.gov/newsevents/speech/bies20061017a.htm
"December 5, 2000",https://www.federalreserve.gov/boarddocs/speeches/2000/20001205.htm
"February 5, 2003",https://www.federalreserve.gov/boarddocs/speeches/2003/20030205/default.htm
"February 29, 2008",https://www.federalreserve.gov/newsevents/speech/mishkin20080229a.htm
"November 21, 2003",https://www.federalreserve.gov/boarddocs/speeches/2003/20031121/default.htm
"March 29, 2006",https://www.federalreserve.gov/newsevents/speech/bies20060329a.htm
"October 16, 1996",https://www.federalreserve.gov/boarddocs/speeches/1996/19961016.htm
"March 9, 2001",https://www.federalreserve.gov/boarddocs/speeches/2001/20010309/default.htm
"May 8, 1997",https://www.federalreserve.gov/boarddocs/speeches/1997/19970508.htm
"December 1, 2010",https://www.federalreserve.gov/newsevents/speech/yellen20101201a.htm
"February 21, 1997",https://www.federalreserve.gov/boarddocs/speeches/1997/19970221.htm
"October 27, 1998",https://www.federalreserve.gov/boarddocs/speeches/1998/19981027.htm
"February 26, 2004",https://www.federalreserve.gov/boarddocs/speeches/2004/20040226/default.htm
"November 20, 2002",https://www.federalreserve.gov/boarddocs/speeches/2002/20021120/default.htm
"March 10, 1999",https://www.federalreserve.gov/boarddocs/speeches/1999/19990310.htm
"November 21, 1996",https://www.federalreserve.gov/boarddocs/speeches/1996/19961121.htm
"October 20, 2008",https://www.federalreserve.gov/newsevents/speech/kroszner20081020a.htm
"November 14, 2008",https://www.federalreserve.gov/newsevents/speech/bernanke20081214a.htm
"February 27, 2003",https://www.federalreserve.gov/boarddocs/speeches/2003/20030227/default.htm
"February 26, 2010",https://www.federalreserve.gov/newsevents/speech/tarullo20100226a.htm
"September 11, 2006",https://www.federalreserve.gov/newsevents/speech/kohn20060911a.htm
"March 2, 2004",https://www.federalreserve.gov/boarddocs/speeches/2004/20040302/default.htm
"October 12, 2007",https://www.federalreserve.gov/newsevents/speech/bernanke20071012a.htm
"November 30, 1999",https://www.federalreserve.gov/boarddocs/speeches/1999/19991130.htm
"January 3, 1998",https://www.federalreserve.gov/boarddocs/speeches/1998/19980103.htm
"June 22, 2004",https://www.federalreserve.gov/boarddocs/speeches/2004/20040622/default.htm
"September 10, 2009",https://www.federalreserve.gov/newsevents/speech/kohn20090910a.htm
"October 28, 1999",https://www.federalreserve.gov/boarddocs/speeches/1999/19991028.htm
"March 26, 2004",https://www.federalreserve.gov/boarddocs/speeches/2004/20040326/default.htm
"December 7, 2009",https://www.federalreserve.gov/newsevents/speech/bernanke20091207a.htm
"November 20, 2000",https://www.federalreserve.gov/boarddocs/speeches/2000/20001120.htm
"June 15, 2007",https://www.federalreserve.gov/newsevents/speech/bernanke20070615a.htm
"February 24, 2006",https://www.federalreserve.gov/newsevents/speech/ferguson20060224a.htm
"May 10, 2002",https://www.federalreserve.gov/boarddocs/speeches/2002/20020510/default.htm
"March 20, 2006",https://www.federalreserve.gov/newsevents/speech/bernanke20060320a.htm
"May 12, 2000",https://www.federalreserve.gov/boarddocs/speeches/2000/20000512.htm
"February 14, 2001",https://www.federalreserve.gov/boarddocs/speeches/2001/20010214/default.htm
"November 4, 1999",https://www.federalreserve.gov/boarddocs/speeches/1999/19991104.htm
"November 22, 2002",https://www.federalreserve.gov/boarddocs/speeches/2002/20021122/default.htm
"February 27, 2004",https://www.federalreserve.gov/boarddocs/speeches/2004/20040227/default.htm
"April 14, 1999",https://www.federalreserve.gov/boarddocs/speeches/1999/19990414.htm
"February 27, 2001",https://www.federalreserve.gov/boarddocs/speeches/2001/20010227/default.htm
"September 24, 2010",https://www.federalreserve.gov/newsevents/speech/duke20100924a.htm
"March 6, 1998",https://www.federalreserve.gov/boarddocs/speeches/1998/19980306.htm
"June 28, 2010",https://www.federalreserve.gov/newsevents/speech/warsh20100628a.htm
"April 9, 2008",https://www.federalreserve.gov/newsevents/speech/bernanke20080409a.htm
"February 15, 2001",https://www.federalreserve.gov/boarddocs/speeches/2001/20010215/default.htm
"August 27, 1999",https://www.federalreserve.gov/boarddocs/speeches/1999/19990827.htm
"September 24, 2005",https://www.federalreserve.gov/boarddocs/speeches/2005/20050924/default.htm
"December 10, 2009",https://www.federalreserve.gov/newsevents/speech/duke20091210a.htm
"February 11, 2003",https://www.federalreserve.gov/boarddocs/speeches/2003/20030211/default.htm
"January 3, 1999",https://www.federalreserve.gov/boarddocs/speeches/1999/19990103.htm
"April 7, 2010",https://www.federalreserve.gov/newsevents/speech/20100407a.htm
"June 17, 2003",https://www.federalreserve.gov/boarddocs/speeches/2003/20030617/default.htm
"November 18, 1996",https://www.federalreserve.gov/boarddocs/speeches/1996/19961118.htm
"May 6, 2004",https://www.federalreserve.gov/boarddocs/speeches/2004/20040506/default.htm
"January 12, 2001",https://www.federalreserve.gov/boarddocs/speeches/2001/20010112/default.htm
"September 15, 2009",https://www.federalreserve.gov/newsevents/speech/bernanke20090821a.htm
"May 2, 2002",https://www.federalreserve.gov/boarddocs/speeches/2002/20020502/default.htm
"December 7, 2004",https://www.federalreserve.gov/boarddocs/speeches/2004/20041207/default.htm
"November 6, 1998",https://www.federalreserve.gov/boarddocs/speeches/1998/19981106.htm
"May 22, 2004",https://www.federalreserve.gov/boarddocs/speeches/2004/20040522/default.htm
"March 27, 2004",https://www.federalreserve.gov/boarddocs/speeches/2004/20040327/default.htm
"June 16, 2006",https://www.federalreserve.gov/newsevents/speech/kohn20060616a.htm
"March 13, 2006",https://www.federalreserve.gov/newsevents/speech/olson20060313a.htm
"May 15, 2007",https://www.federalreserve.gov/newsevents/speech/bernanke20070515a.htm
"November 25, 1996",https://www.federalreserve.gov/boarddocs/speeches/1996/19961125.htm
"May 20, 2005",https://www.federalreserve.gov/boarddocs/speeches/2005/20050520/default.htm
"February 27, 2002",https://www.federalreserve.gov/boarddocs/speeches/2002/20020227/default.htm
"November 27, 2001",https://www.federalreserve.gov/boarddocs/speeches/2001/20011127/default.htm
"October 8, 2004",https://www.federalreserve.gov/boarddocs/speeches/2004/20041008/default.htm
"February 4, 2004",https://www.federalreserve.gov/boarddocs/speeches/2004/20040204/default.htm
"April 26, 2007",https://www.federalreserve.gov/newsevents/speech/mishkin20070426a.htm
"May 1, 2007",https://www.federalreserve.gov/newsevents/speech/bernanke20070501a.htm
"December 15, 1999",https://www.federalreserve.gov/boarddocs/speeches/1999/19991215.htm
"February 23, 2006",https://www.federalreserve.gov/newsevents/speech/ferguson20060223a.htm
"March 22, 1997",https://www.federalreserve.gov/boarddocs/speeches/1997/19970322.htm
"July 5, 2002",https://www.federalreserve.gov/boarddocs/speeches/2002/20020705/default.htm
"December 18, 2001",https://www.federalreserve.gov/boarddocs/speeches/2001/20011218/default.htm
"October 17, 2003",https://www.federalreserve.gov/boarddocs/speeches/2003/20031017/default.htm
"December 14, 2005",https://www.federalreserve.gov/boarddocs/speeches/2005/20051214/default.htm
"May 16, 2005",https://www.federalreserve.gov/boarddocs/speeches/2005/20050516/default.htm
"October 19, 2004",https://www.federalreserve.gov/boarddocs/speeches/2004/20041019/default.htm
"November 30, 2005",https://www.federalreserve.gov/boarddocs/speeches/2005/20051130/default.htm
"September 23, 1997",https://www.federalreserve.gov/boarddocs/speeches/1997/19970923.htm
"March 13, 1997",https://www.federalreserve.gov/boarddocs/speeches/1997/19970313.htm
"November 13, 2003",https://www.federalreserve.gov/boarddocs/speeches/2003/20031113/default.htm
"February 26, 2007",https://www.federalreserve.gov/newsevents/speech/bies20070226a.htm
"October 23, 2009",https://www.federalreserve.gov/newsevents/speech/bernanke20091023a.htm
"February 7, 2005",https://www.federalreserve.gov/boarddocs/speeches/2005/20050207/default.htm
"February 12, 2003",https://www.federalreserve.gov/boarddocs/speeches/2003/20030212/default.htm
"June 8, 2009",https://www.federalreserve.gov/newsevents/speech/tarullo20090608a.htm
"September 17, 2010",https://www.federalreserve.gov/newsevents/speech/tarullo20100917a.htm
"March 27, 2008",https://www.federalreserve.gov/newsevents/speech/kroszner20080327a.htm
"June 5, 2006",https://www.federalreserve.gov/newsevents/speech/bernanke20060605a.htm
"June 3, 1999",https://www.federalreserve.gov/boarddocs/speeches/1999/19990603.htm
"July 26, 2002",https://www.federalreserve.gov/boarddocs/speeches/2002/20020726/default.htm
"May 14, 2004",https://www.federalreserve.gov/boarddocs/speeches/2004/20040225/default.htm
"June 6, 2005",https://www.federalreserve.gov/boarddocs/speeches/2005/20050606/default.htm
"February 17, 1998",https://www.federalreserve.gov/boarddocs/speeches/1998/19980217.htm
"April 10, 2003",https://www.federalreserve.gov/boarddocs/speeches/2003/20030410/default.htm
"September 8, 1996",https://www.federalreserve.gov/boarddocs/speeches/1996/19960908.htm
"March 18, 2005",https://www.federalreserve.gov/boarddocs/speeches/2005/20050318/default.htm
"October 13, 2005",https://www.federalreserve.gov/boarddocs/speeches/2005/200510123/default.htm
"April 6, 2001",https://www.federalreserve.gov/boarddocs/speeches/2001/20010406/default.htm
"May 30, 2003",https://www.federalreserve.gov/boarddocs/speeches/2003/20030530/default.htm
"July 28, 2008",https://www.federalreserve.gov/newsevents/speech/mishkin20080728a.htm
"October 11, 2001",https://www.federalreserve.gov/boarddocs/speeches/2001/20011011/default.htm
"May 5, 2005",https://www.federalreserve.gov/boarddocs/speeches/2005/20050505/default.htm
"October 11, 2010",https://www.federalreserve.gov/newsevents/speech/yellen20101011a.htm
"April 5, 2001",https://www.federalreserve.gov/boarddocs/speeches/2001/20010405/default.htm
"February 19, 2004",https://www.federalreserve.gov/boarddocs/speeches/2004/20040219/default.htm
"March 9, 1999",https://www.federalreserve.gov/boarddocs/speeches/1999/19990309.htm
"March 14, 2008",https://www.federalreserve.gov/newsevents/speech/bernanke20080314a.htm
"December 1, 1997",https://www.federalreserve.gov/boarddocs/speeches/1997/19971201.htm
"May 26, 2005",https://www.federalreserve.gov/boarddocs/speeches/2005/20050526/default.htm
"March 8, 1999",https://www.federalreserve.gov/boarddocs/speeches/1999/19990308.htm
"February 24, 2005",https://www.federalreserve.gov/boarddocs/speeches/2005/20050119/default.htm
"October 16, 2006",https://www.federalreserve.gov/newsevents/speech/bernanke20061016a.htm
"May 24, 2001",https://www.federalreserve.gov/boarddocs/speeches/2001/20010524/default.htm
"March 9, 2007",https://www.federalreserve.gov/newsevents/speech/kohn20070309a.htm
"October 30, 1997",https://www.federalreserve.gov/boarddocs/speeches/1997/19971030.htm
"October 8, 2003",https://www.federalreserve.gov/boarddocs/speeches/2003/20031008/default.htm
"May 22, 2009",https://www.federalreserve.gov/newsevents/speech/bernanke20090522a.htm
"March 1, 2004",https://www.federalreserve.gov/boarddocs/speeches/2004/20040301/default.htm
"February 18, 2009",https://www.federalreserve.gov/newsevents/speech/bernanke20090218a.htm
"November 30, 2007",https://www.federalreserve.gov/newsevents/speech/kroszner20071130a.htm
"September 21, 1999",https://www.federalreserve.gov/boarddocs/speeches/1999/19990921.htm
"September 17, 1998",https://www.federalreserve.gov/boarddocs/speeches/1998/19980917.htm
"May 16, 2006",https://www.federalreserve.gov/newsevents/speech/bies20060516a.htm
"September 15, 1998",https://www.federalreserve.gov/boarddocs/speeches/1998/19980915.htm
"September 27, 2006",https://www.federalreserve.gov/newsevents/speech/kroszner20060927a.htm
"November 6, 2008",https://www.federalreserve.gov/newsevents/speech/warsh20081106a.htm
"February 15, 2008",https://www.federalreserve.gov/newsevents/speech/mishkin20080215a.htm
"October 11, 1997",https://www.federalreserve.gov/boarddocs/speeches/1997/19971011.htm
"August 10, 2003",https://www.federalreserve.gov/boarddocs/speeches/2003/20030810/default.htm
"January 4, 2004",https://www.federalreserve.gov/boarddocs/speeches/2004/20040104/default.htm
"October 8, 2009",https://www.federalreserve.gov/newsevents/speech/tarullo20091008a.htm
"March 3, 1997",https://www.federalreserve.gov/boarddocs/speeches/1997/19970303.htm
"July 12, 2010",https://www.federalreserve.gov/newsevents/speech/bernanke20100712a.htm
"October 7, 2004",https://www.federalreserve.gov/boarddocs/speeches/2004/20041007/default.htm
"May 16, 2007",https://www.federalreserve.gov/newsevents/speech/kroszner20070516a.htm
"April 7, 2003",https://www.federalreserve.gov/boarddocs/speeches/2003/20030407/default.htm
"August 31, 2000",https://www.federalreserve.gov/boarddocs/speeches/2000/20000831.htm
"April 12, 1997",https://www.federalreserve.gov/boarddocs/speeches/1997/19970412.htm
"September 17, 1997",https://www.federalreserve.gov/boarddocs/speeches/1997/19970917.htm
"November 8, 2002",https://www.federalreserve.gov/boarddocs/speeches/2002/20021108/default.htm
"June 4, 2004",https://www.federalreserve.gov/boarddocs/speeches/2004/20040604/default.htm
"July 21, 2004",https://www.federalreserve.gov/boarddocs/speeches/2004/20040721/default.htm
"March 13, 2002",https://www.federalreserve.gov/boarddocs/speeches/2002/20020313/default.htm
"April 9, 1998",https://www.federalreserve.gov/boarddocs/speeches/1998/19980409.htm
"October 26, 2007",https://www.federalreserve.gov/newsevents/speech/mishkin20071026a.htm
"November 19, 2008",https://www.federalreserve.gov/newsevents/speech/kohn20081119a.htm
"April 29, 1997",https://www.federalreserve.gov/boarddocs/speeches/1997/19970429.htm
"January 4, 2010",https://www.federalreserve.gov/newsevents/speech/duke20100104a.htm
"April 27, 2000",https://www.federalreserve.gov/boarddocs/speeches/2000/20000427.htm
"January 5, 2007",https://www.federalreserve.gov/newsevents/speech/bernanke20070105a.htm
"June 1, 2007",https://www.federalreserve.gov/newsevents/speech/kroszner20070601a.htm
"June 20, 2003",https://www.federalreserve.gov/boarddocs/speeches/2003/20030620/default.htm
"March 7, 1997",https://www.federalreserve.gov/boarddocs/speeches/1997/19970307.htm
"April 15, 2004",https://www.federalreserve.gov/boarddocs/speeches/2004/20040415/default.htm
"May 6, 1999",https://www.federalreserve.gov/boarddocs/speeches/1999/19990506.htm
"July 20, 1998",https://www.federalreserve.gov/boarddocs/speeches/1998/19980720.htm
"November 29, 2007",https://www.federalreserve.gov/newsevents/speech/mishkin20071129a.htm
"November 28, 2007",https://www.federalreserve.gov/newsevents/speech/kohn20071128a.htm
"May 21, 2008",https://www.federalreserve.gov/newsevents/speech/warsh20080521a.htm
"September 26, 2003",https://www.federalreserve.gov/boarddocs/speeches/2003/20030926/default.htm
"October 14, 2004",https://www.federalreserve.gov/boarddocs/speeches/2004/20041014/default.htm
"July 16, 2004",https://www.federalreserve.gov/boarddocs/speeches/2004/20040716/default.htm
"September 27, 1999",https://www.federalreserve.gov/boarddocs/speeches/1999/19990927.htm
"October 29, 2002",https://www.federalreserve.gov/boarddocs/speeches/2002/20021029/default.htm
"March 28, 2003",https://www.federalreserve.gov/boarddocs/speeches/2003/20030328/default.htm
"January 29, 2010",https://www.federalreserve.gov/newsevents/speech/kohn20100129a.htm
"June 23, 2007",https://www.federalreserve.gov/newsevents/speech/mishkin20070623a.htm
"February 24, 1999",https://www.federalreserve.gov/boarddocs/speeches/1999/19990224.htm
"March 7, 2002",https://www.federalreserve.gov/boarddocs/speeches/2002/20020307/default.htm
"April 10, 2006",https://www.federalreserve.gov/newsevents/speech/olson20060410a.htm
"January 18, 2007",https://www.federalreserve.gov/newsevents/speech/bies20070118a.htm
"January 18, 2006",https://www.federalreserve.gov/newsevents/speech/bies20060118a.htm
"May 13, 2004",https://www.federalreserve.gov/boarddocs/speeches/2004/20040513/default.htm
"November 28, 2005",https://www.federalreserve.gov/boarddocs/speeches/2005/20051128/default.htm
"March 14, 2005",https://www.federalreserve.gov/boarddocs/speeches/2005/20050314/default.htm
"January 29, 1997",https://www.federalreserve.gov/boarddocs/speeches/1997/19970129.htm
"May 20, 2004",https://www.federalreserve.gov/boarddocs/speeches/2004/20040520/default.htm
"August 21, 2009",https://www.federalreserve.gov/newsevents/speech/bernanke20090821a.htm
"March 26, 2010",https://www.federalreserve.gov/newsevents/speech/warsh20100326a.htm
"July 18, 2006",https://www.federalreserve.gov/newsevents/speech/warsh20060718a.htm
"November 5, 1998",https://www.federalreserve.gov/boarddocs/speeches/1998/19981105.htm
"July 23, 2003",https://www.federalreserve.gov/boarddocs/speeches/2003/20030723/default.htm
